step,azo_reward,stilbene_reward,spiropyran_reward,diarylethene_reward,mean_reward,archive
1,0.0412638895213604,0.0,0.006277581676840782,0.0,0.011885368265211582,13
2,0.08633285760879517,0.0,0.006643784698098898,0.0,0.023244163021445274,36
3,0.07977906614542007,0.0,0.00728335976600647,0.0,0.021765610203146935,58
4,0.10365090519189835,0.004373510833829641,0.005585379898548126,0.0,0.028402453288435936,85
5,0.08118417859077454,0.0,0.010240050964057446,0.0,0.022856054827570915,104
6,0.09624799340963364,0.0,0.016606058925390244,0.0,0.028213510289788246,127
7,0.09271510690450668,0.0,0.00610097823664546,0.0,0.024704022333025932,151
8,0.08802682161331177,0.0038266254123300314,0.005605760961771011,0.0,0.02436480112373829,173
9,0.11430229991674423,0.004345937166363001,0.015080266632139683,0.0,0.03343212604522705,202
10,0.12863188982009888,0.0,0.02694188617169857,0.0,0.0388934426009655,237
11,0.11349338293075562,0.00737633416429162,0.016213664785027504,0.0,0.03427084907889366,267
12,0.1036597192287445,0.0,0.015230837278068066,0.0,0.02972264401614666,291
13,0.11413267999887466,0.0066249738447368145,0.02501966990530491,0.0,0.03644433245062828,322
14,0.11841725558042526,0.0,0.021416418254375458,0.0,0.03495841845870018,351
15,0.1350301057100296,0.00350884348154068,0.020023977383971214,0.0,0.03964073210954666,384
16,0.15169012546539307,0.004312913399189711,0.014492710120975971,0.0,0.042623937129974365,422
17,0.13599683344364166,0.012841914780437946,0.011528823524713516,0.0,0.04009189084172249,456
18,0.16716158390045166,0.0,0.018505634739995003,0.0,0.04641680046916008,495
19,0.12903127074241638,0.0,0.02469428814947605,0.0,0.03843139111995697,525
20,0.15156853199005127,0.008092855103313923,0.030642854049801826,0.0,0.04757605865597725,564
21,0.14925940334796906,0.0,0.025994354858994484,0.0,0.04381344094872475,599
22,0.13496911525726318,0.012717495672404766,0.02072484977543354,0.0,0.042102862149477005,632
23,0.1638857126235962,0.0123421810567379,0.015146691352128983,0.0063270460814237595,0.049425408244132996,676
24,0.14510969817638397,0.003782885381951928,0.02915145456790924,0.0,0.04451100900769234,711
25,0.14652962982654572,0.011124487034976482,0.027405763044953346,0.0,0.046264972537755966,749
26,0.14606048166751862,0.005114257335662842,0.024714956060051918,0.0,0.043972428888082504,785
27,0.1442037671804428,0.0,0.020626336336135864,0.0,0.04120752587914467,819
28,0.16422252357006073,0.015645375475287437,0.020364878699183464,0.0,0.050058189779520035,862
29,0.147144615650177,0.009094185195863247,0.025005921721458435,0.0,0.045311179012060165,899
30,0.13593322038650513,0.016674360260367393,0.03765508159995079,0.0,0.04756566882133484,940
31,0.17366528511047363,0.006941193714737892,0.025733595713973045,0.0,0.05158501863479614,982
32,0.15141797065734863,0.013192783109843731,0.032427653670310974,0.0,0.04925960674881935,1020
33,0.16430158913135529,0.03079846501350403,0.024522149935364723,0.0,0.05490554869174957,1067
34,0.16480518877506256,0.00981952715665102,0.0229074414819479,0.0,0.04938303306698799,1107
35,0.16700899600982666,0.020931193605065346,0.031212538480758667,0.0,0.05478817597031593,1150
36,0.1584562063217163,0.04041178897023201,0.031247546896338463,0.0,0.05752888694405556,1193
37,0.15388496220111847,0.014399697072803974,0.03154153749346733,0.0,0.0499565489590168,1232
38,0.1639188528060913,0.023939013481140137,0.032909657806158066,0.0,0.05519188567996025,1275
39,0.1526748090982437,0.030339239165186882,0.03407692536711693,0.0,0.054272741079330444,1314
40,0.1711466759443283,0.020721325650811195,0.03418755158782005,0.0,0.05651388689875603,1358
41,0.16859376430511475,0.04258136451244354,0.03213128075003624,0.0,0.06082660332322121,1405
42,0.15311722457408905,0.03571291267871857,0.029778117313981056,0.001265409286133945,0.054968420416116714,1445
43,0.14779353141784668,0.047148749232292175,0.02169319987297058,0.0,0.05415886640548706,1489
44,0.16567610204219818,0.045862287282943726,0.03666108846664429,0.0,0.06204986944794655,1534
45,0.1277276873588562,0.04790877923369408,0.03081391006708145,0.0,0.05161258950829506,1572
46,0.15444323420524597,0.03618266433477402,0.03133048489689827,0.0,0.05548909679055214,1614
47,0.13924312591552734,0.05376593396067619,0.03203481063246727,0.0,0.056260962039232254,1654
48,0.17066335678100586,0.047110021114349365,0.029904693365097046,0.0,0.061919521540403366,1703
49,0.15884150564670563,0.05448676273226738,0.035040825605392456,0.0,0.06209227070212364,1750
50,0.14005185663700104,0.05749388411641121,0.03235302492976189,0.0,0.05747469142079353,1791
51,0.15863321721553802,0.0546274296939373,0.03626539930701256,0.006621388718485832,0.06403685361146927,1838
52,0.14043687283992767,0.06863641738891602,0.026277905330061913,0.0,0.05883780121803284,1882
53,0.1667681485414505,0.08190339058637619,0.02696474827826023,0.0,0.06890907138586044,1931
54,0.19306552410125732,0.12195386737585068,0.040894970297813416,0.0,0.08897858113050461,1994
55,0.16358143091201782,0.13606499135494232,0.037553396075963974,0.0,0.0842999592423439,2049
56,0.15291787683963776,0.09717277437448502,0.029795749112963676,0.0,0.06997159868478775,2097
57,0.1565527468919754,0.1349962055683136,0.0457615852355957,0.0,0.08432763069868088,2151
58,0.16746920347213745,0.1730317622423172,0.027254611253738403,0.0,0.09193889051675797,2213
59,0.1640319973230362,0.14441220462322235,0.035135164856910706,0.0,0.08589484542608261,2270
60,0.1637691706418991,0.14478455483913422,0.035932507365942,0.0,0.08612155169248581,2328
61,0.159582257270813,0.18539822101593018,0.03045942448079586,0.0,0.09385999292135239,2387
62,0.1686682552099228,0.17198222875595093,0.04395650699734688,0.0,0.09615173935890198,2445
63,0.17941789329051971,0.169080451130867,0.03944023326039314,0.0,0.09698464721441269,2506
64,0.15104535222053528,0.12788043916225433,0.04043936729431152,0.0,0.07984129339456558,2555
65,0.16735310852527618,0.17360520362854004,0.03650942072272301,0.0,0.09436693787574768,2616
66,0.17596237361431122,0.19118539988994598,0.03428354486823082,0.0,0.10035783052444458,2680
67,0.16419319808483124,0.17358700931072235,0.0459812693297863,0.0,0.09594035893678665,2741
68,0.17166419327259064,0.12073532491922379,0.043188031762838364,0.0,0.08389689773321152,2799
69,0.15263153612613678,0.1416684240102768,0.05915799364447594,0.0,0.08836448192596436,2854
70,0.18825101852416992,0.14186330139636993,0.03849157318472862,0.0,0.0921514630317688,2917
71,0.2039460688829422,0.21539199352264404,0.036277513951063156,0.0,0.11390390247106552,2993
72,0.18727950751781464,0.2084641009569168,0.039783742278814316,0.0,0.10888183861970901,3062
73,0.18775711953639984,0.19544948637485504,0.03989727422595024,0.0,0.10577597469091415,3130
74,0.1676768660545349,0.2127894163131714,0.038115330040454865,0.0,0.10464540868997574,3195
75,0.18868565559387207,0.19326837360858917,0.04041321203112602,0.0,0.10559181123971939,3260
76,0.19385559856891632,0.21354937553405762,0.04054730385541916,0.0,0.11198806762695312,3328
77,0.18048129975795746,0.22399501502513885,0.047486428171396255,0.004927470814436674,0.11422254890203476,3398
78,0.18071348965168,0.19565312564373016,0.03651674464344978,0.0,0.10322084277868271,3461
79,0.19059276580810547,0.18617214262485504,0.041163936257362366,0.0,0.10448221117258072,3529
80,0.17740102112293243,0.15918989479541779,0.04161975160241127,0.007552564609795809,0.09644079953432083,3589
81,0.17259402573108673,0.20864146947860718,0.03922845050692558,0.0,0.10511598736047745,3656
82,0.18637387454509735,0.1586431860923767,0.039253607392311096,0.0,0.09606766700744629,3721
83,0.18749606609344482,0.21942175924777985,0.04389016702771187,0.0,0.11270200461149216,3789
84,0.20768432319164276,0.12821297347545624,0.035490732640028,0.0,0.09284701198339462,3852
85,0.19446803629398346,0.1832876056432724,0.04302181303501129,0.0,0.10519436746835709,3921
86,0.19039349257946014,0.18614010512828827,0.04162101820111275,0.0073120673187077045,0.10636667162179947,3988
87,0.18574309349060059,0.23587696254253387,0.050226107239723206,0.0,0.11796153336763382,4057
88,0.19761548936367035,0.20484645664691925,0.04847803711891174,0.0,0.11273499578237534,4128
89,0.18118315935134888,0.20566125214099884,0.043613944202661514,0.0,0.10761459916830063,4191
90,0.18233954906463623,0.17804910242557526,0.045436590909957886,0.0,0.10145630687475204,4254
91,0.19825689494609833,0.19423680007457733,0.04197806119918823,0.0,0.10861793905496597,4319
92,0.19069528579711914,0.19256846606731415,0.049347784370183945,0.0,0.10815287381410599,4384
93,0.1928948312997818,0.20091432332992554,0.043656349182128906,0.0,0.10936637967824936,4448
94,0.19172550737857819,0.24810700118541718,0.03535829111933708,0.007725344970822334,0.12072903662919998,4520
95,0.19677691161632538,0.24606259167194366,0.048375774174928665,0.0,0.12280382961034775,4592
96,0.20355038344860077,0.18240658938884735,0.04526698961853981,0.0,0.10780598968267441,4658
97,0.20894365012645721,0.19096525013446808,0.045423611998558044,0.0,0.11133313179016113,4725
98,0.21319939196109772,0.20443223416805267,0.04172130301594734,0.0,0.11483824253082275,4794
99,0.17948199808597565,0.23081110417842865,0.045744966715574265,0.0,0.11400952190160751,4862
100,0.18076550960540771,0.22434000670909882,0.04408235475420952,0.0,0.11229696869850159,4931
101,0.183247908949852,0.20353402197360992,0.04175804182887077,0.0,0.10713499784469604,4995
102,0.1699189692735672,0.17158818244934082,0.042708870023489,0.0,0.09605401009321213,5052
103,0.16374729573726654,0.183981791138649,0.04757966473698616,0.0,0.09882719069719315,5111
104,0.17234008014202118,0.1503152996301651,0.04281369969248772,0.0,0.09136727452278137,5168
105,0.15831105411052704,0.1400168538093567,0.04518686234951019,0.0,0.08587870001792908,5221
106,0.19582895934581757,0.15999506413936615,0.04406658932566643,0.005161101929843426,0.10126292705535889,5286
107,0.18701110780239105,0.16642604768276215,0.04388752579689026,0.0,0.09933117032051086,5350
108,0.18661238253116608,0.2319885939359665,0.04574929550290108,0.0,0.11608756333589554,5421
109,0.177944615483284,0.1575687676668167,0.04883551225066185,0.0,0.09608721733093262,5480
110,0.18226909637451172,0.22476725280284882,0.04600800201296806,0.0,0.11326109617948532,5550
111,0.18211545050144196,0.1775364875793457,0.04178375005722046,0.0,0.10035892575979233,5613
112,0.18569712340831757,0.21349000930786133,0.0490039698779583,0.0,0.11204776912927628,5681
113,0.18161998689174652,0.19406908750534058,0.04598338529467583,0.0,0.10541810840368271,5745
114,0.1656360626220703,0.19395935535430908,0.049122218042612076,0.0,0.10217940807342529,5805
115,0.2006143182516098,0.21278251707553864,0.050688933581113815,0.0,0.11602144688367844,5876
116,0.18686209619045258,0.24241159856319427,0.04237419366836548,0.0,0.11791197210550308,5948
117,0.18051272630691528,0.2444547414779663,0.0492246113717556,0.007733360398560762,0.12048134952783585,6020
118,0.1884886622428894,0.22437436878681183,0.0499974749982357,0.007407807279378176,0.11756706982851028,6089
119,0.1990332156419754,0.20938658714294434,0.04708096385002136,0.0,0.11387520283460617,6158
120,0.1871587485074997,0.21647274494171143,0.04253054037690163,0.0,0.11154051870107651,6225
