method_id,seed,step,mean_reward,max_reward,hard_filter_fraction,mean_kl,mean_entropy,archive_size
M1_joint_rl,1701,1,0.08044702559709549,0.2746560573577881,0.5625,0.0,1.161805272102356,36
M1_joint_rl,1701,2,0.07541307806968689,0.2557324171066284,0.515625,0.004131732974201441,1.143637776374817,69
M1_joint_rl,1701,3,0.08407284319400787,0.27174612879753113,0.578125,0.009987382218241692,1.1208604574203491,106
M1_joint_rl,1701,4,0.10238700360059738,0.2739989459514618,0.65625,0.01852436177432537,1.160697102546692,148
M1_joint_rl,1701,5,0.11179399490356445,0.2609029710292816,0.703125,0.026630878448486328,1.1499460935592651,193
M1_joint_rl,1701,6,0.11100280284881592,0.2483624964952469,0.71875,0.033616602420806885,1.145512580871582,239
M1_joint_rl,1701,7,0.11565539240837097,0.27597081661224365,0.703125,0.043714601546525955,1.1137206554412842,284
M1_joint_rl,1701,8,0.10060491412878036,0.28765901923179626,0.640625,0.05902305245399475,1.1660006046295166,325
M1_joint_rl,1701,9,0.13380217552185059,0.26898032426834106,0.71875,0.07681691646575928,1.1666662693023682,371
M1_joint_rl,1701,10,0.13805773854255676,0.27136966586112976,0.796875,0.09019937366247177,1.132850170135498,421
M1_joint_rl,1701,11,0.14164040982723236,0.26990681886672974,0.8125,0.10493708401918411,1.1479943990707397,472
M1_joint_rl,1701,12,0.1364089399576187,0.29236388206481934,0.75,0.10072676092386246,1.159134030342102,518
M1_joint_rl,1701,13,0.12366842478513718,0.27701136469841003,0.71875,0.11247633397579193,1.1470658779144287,561
M1_joint_rl,1701,14,0.1109205037355423,0.2709228992462158,0.703125,0.1084982380270958,1.1410577297210693,602
M1_joint_rl,1701,15,0.13968029618263245,0.27868449687957764,0.78125,0.11663000285625458,1.1447036266326904,652
M1_joint_rl,1701,16,0.1422448307275772,0.2897377908229828,0.796875,0.1096196398139,1.1426886320114136,702
M1_joint_rl,1701,17,0.1298854649066925,0.27571767568588257,0.78125,0.11511591821908951,1.1423734426498413,748
M1_joint_rl,1701,18,0.15476776659488678,0.2619030177593231,0.859375,0.11065725982189178,1.1158645153045654,801
M1_joint_rl,1701,19,0.13734474778175354,0.27646875381469727,0.75,0.1045580804347992,1.111121654510498,849
M1_joint_rl,1701,20,0.1396781951189041,0.2695308327674866,0.84375,0.1059875413775444,1.1146190166473389,901
M1_joint_rl,1701,21,0.14303497970104218,0.2885230779647827,0.890625,0.11069484800100327,1.0939819812774658,953
M1_joint_rl,1701,22,0.13934999704360962,0.26483580470085144,0.84375,0.10533414036035538,1.0739126205444336,1003
M1_joint_rl,1701,23,0.1371515691280365,0.28728607296943665,0.859375,0.10551472008228302,1.0765231847763062,1058
M1_joint_rl,1701,24,0.154755637049675,0.2717106342315674,0.921875,0.10718194395303726,1.0472197532653809,1116
M1_joint_rl,1701,25,0.13066896796226501,0.2536334991455078,0.8125,0.09996380656957626,1.0501251220703125,1166
M1_joint_rl,1701,26,0.15014269948005676,0.271802693605423,0.890625,0.10162489861249924,1.0137251615524292,1220
M1_joint_rl,1701,27,0.1552811563014984,0.28512880206108093,0.875,0.1016414612531662,0.9956899881362915,1275
M1_joint_rl,1701,28,0.1427125632762909,0.26678773760795593,0.859375,0.10145610570907593,1.0110210180282593,1328
M1_joint_rl,1701,29,0.13962608575820923,0.286856472492218,0.859375,0.1008506566286087,1.0131784677505493,1381
M1_joint_rl,1701,30,0.13920406997203827,0.2759159505367279,0.828125,0.09699967503547668,1.0120904445648193,1434
M1_joint_rl,1701,31,0.15548160672187805,0.2617570459842682,0.90625,0.09717296063899994,0.9796286821365356,1490
M1_joint_rl,1701,32,0.14738363027572632,0.26000845432281494,0.890625,0.09807942807674408,0.9838776588439941,1545
M1_joint_rl,1701,33,0.15461952984333038,0.28694069385528564,0.9375,0.0981554314494133,0.978358268737793,1602
M1_joint_rl,1701,34,0.1552910953760147,0.2713881731033325,0.859375,0.10871017724275589,0.9811782240867615,1657
M1_joint_rl,1701,35,0.15836602449417114,0.28342702984809875,0.890625,0.11810494214296341,1.0001463890075684,1711
M1_joint_rl,1701,36,0.14219191670417786,0.28991180658340454,0.796875,0.12171421945095062,0.9659979343414307,1760
M1_joint_rl,1701,37,0.16173645853996277,0.2773336172103882,0.875,0.1339220255613327,0.9695084095001221,1813
M1_joint_rl,1701,38,0.17015764117240906,0.29067263007164,0.890625,0.14101146161556244,0.9439829587936401,1865
M1_joint_rl,1701,39,0.17540307343006134,0.2940308451652527,0.875,0.13878153264522552,0.9691820740699768,1919
M1_joint_rl,1701,40,0.15581853687763214,0.2811572253704071,0.8125,0.15001603960990906,0.9770456552505493,1970
M1_joint_rl,1701,41,0.15665486454963684,0.2882186472415924,0.8125,0.1602563112974167,0.9445986747741699,2019
M1_joint_rl,1701,42,0.15719787776470184,0.27582693099975586,0.953125,0.1809701919555664,0.938740611076355,2070
M1_joint_rl,1701,43,0.1613135188817978,0.28792139887809753,0.859375,0.1734917163848877,0.9428189992904663,2118
M1_joint_rl,1701,44,0.15968674421310425,0.2963060140609741,0.859375,0.1887717843055725,0.9252018928527832,2168
M1_joint_rl,1701,45,0.15606524050235748,0.2896059453487396,0.84375,0.19610704481601715,0.9397971630096436,2216
M1_joint_rl,1701,46,0.1575654000043869,0.2842213809490204,0.890625,0.1904362142086029,0.9051231741905212,2264
M1_joint_rl,1701,47,0.14968758821487427,0.2880488336086273,0.796875,0.18970522284507751,0.9480512738227844,2311
M1_joint_rl,1701,48,0.14864954352378845,0.2847343683242798,0.78125,0.1903107464313507,0.9425123929977417,2356
M1_joint_rl,1701,49,0.1737159937620163,0.28569504618644714,0.953125,0.17974768579006195,0.9176127910614014,2411
M1_joint_rl,1701,50,0.1733965426683426,0.2736307680606842,0.921875,0.16543510556221008,0.931495726108551,2466
M1_joint_rl,1701,51,0.14543788135051727,0.27962344884872437,0.796875,0.17394877970218658,0.9287159442901611,2514
M1_joint_rl,1701,52,0.16575904190540314,0.2870903015136719,0.890625,0.1577264964580536,0.906844973564148,2568
M1_joint_rl,1701,53,0.18626253306865692,0.2856264114379883,0.984375,0.1539643257856369,0.9084101915359497,2628
M1_joint_rl,1701,54,0.1589600145816803,0.2747921347618103,0.90625,0.1541254222393036,0.8944997787475586,2683
M1_joint_rl,1701,55,0.1687644124031067,0.2792634069919586,0.859375,0.15303796529769897,0.8848453164100647,2738
M1_joint_rl,1701,56,0.17130036652088165,0.2803554832935333,0.921875,0.1563473343849182,0.8716415166854858,2793
M1_joint_rl,1701,57,0.19732268154621124,0.2847224771976471,0.984375,0.15273377299308777,0.8406362533569336,2855
M1_joint_rl,1701,58,0.1625756174325943,0.2705259919166565,0.921875,0.16107648611068726,0.8535581231117249,2911
M1_joint_rl,1701,59,0.16550344228744507,0.2769937217235565,0.875,0.15389111638069153,0.8617510795593262,2965
M1_joint_rl,1701,60,0.14642825722694397,0.2727257013320923,0.890625,0.15385204553604126,0.8587342500686646,3016
A1_uv_only_rl,1701,1,0.10561268031597137,0.4732091724872589,0.5625,0.0,1.161805272102356,36
A1_uv_only_rl,1701,2,0.10689757019281387,0.416897177696228,0.578125,0.004051709081977606,1.1383483409881592,73
A1_uv_only_rl,1701,3,0.1178589016199112,0.4827920198440552,0.609375,0.009404722601175308,1.1131606101989746,112
A1_uv_only_rl,1701,4,0.12644676864147186,0.49193379282951355,0.609375,0.01861947774887085,1.164536476135254,151
A1_uv_only_rl,1701,5,0.14892956614494324,0.4509437680244446,0.734375,0.027697168290615082,1.1542460918426514,198
A1_uv_only_rl,1701,6,0.1411769539117813,0.4356088936328888,0.671875,0.040460165590047836,1.1498398780822754,241
A1_uv_only_rl,1701,7,0.1720704734325409,0.5075891017913818,0.734375,0.05539388954639435,1.1345107555389404,288
A1_uv_only_rl,1701,8,0.18635235726833344,0.4891596734523773,0.78125,0.07775899022817612,1.1560810804367065,337
A1_uv_only_rl,1701,9,0.16750776767730713,0.48830434679985046,0.671875,0.09023669362068176,1.1843979358673096,379
A1_uv_only_rl,1701,10,0.17415004968643188,0.48077744245529175,0.75,0.10637226700782776,1.1396222114562988,427
A1_uv_only_rl,1701,11,0.1785653978586197,0.48667120933532715,0.734375,0.1195468157529831,1.131396770477295,474
A1_uv_only_rl,1701,12,0.2239941656589508,0.48645010590553284,0.828125,0.12925848364830017,1.146368145942688,526
A1_uv_only_rl,1701,13,0.22664213180541992,0.5014607310295105,0.8125,0.1406906098127365,1.0964820384979248,574
A1_uv_only_rl,1701,14,0.2037266492843628,0.4852807819843292,0.671875,0.15268751978874207,1.0836474895477295,614
A1_uv_only_rl,1701,15,0.19338832795619965,0.4551624357700348,0.8125,0.15389911830425262,1.0760751962661743,663
A1_uv_only_rl,1701,16,0.2129209041595459,0.4809727668762207,0.703125,0.1494544893503189,1.077837586402893,707
A1_uv_only_rl,1701,17,0.22598408162593842,0.5024802684783936,0.859375,0.14331328868865967,1.0605107545852661,759
A1_uv_only_rl,1701,18,0.24050454795360565,0.5063954591751099,0.859375,0.14073625206947327,1.0069693326950073,811
A1_uv_only_rl,1701,19,0.23189401626586914,0.49650371074676514,0.8125,0.15170541405677795,1.0580699443817139,862
A1_uv_only_rl,1701,20,0.2122127115726471,0.4907933175563812,0.828125,0.13850639760494232,1.0164270401000977,914
A1_uv_only_rl,1701,21,0.2402181625366211,0.46976447105407715,0.90625,0.14507530629634857,0.9603596925735474,971
A1_uv_only_rl,1701,22,0.22429627180099487,0.4903562366962433,0.84375,0.14553681015968323,0.9711202383041382,1025
A1_uv_only_rl,1701,23,0.21481940150260925,0.47574394941329956,0.890625,0.1432836949825287,0.9629666209220886,1080
A1_uv_only_rl,1701,24,0.2293848842382431,0.4929679334163666,0.890625,0.14980539679527283,0.9543805718421936,1135
A1_uv_only_rl,1701,25,0.25798043608665466,0.4897753596305847,0.9375,0.15040190517902374,0.9653893709182739,1194
A1_uv_only_rl,1701,26,0.25216197967529297,0.48555347323417664,0.890625,0.15139953792095184,0.9384456276893616,1248
A1_uv_only_rl,1701,27,0.21316462755203247,0.4743186831474304,0.859375,0.16102787852287292,0.9385026693344116,1300
A1_uv_only_rl,1701,28,0.19587081670761108,0.4713742733001709,0.828125,0.16235458850860596,0.935831606388092,1349
A1_uv_only_rl,1701,29,0.2459758073091507,0.47442731261253357,0.875,0.1814594715833664,0.935426652431488,1403
A1_uv_only_rl,1701,30,0.2579961121082306,0.45082318782806396,0.890625,0.18325769901275635,0.8782939314842224,1458
A1_uv_only_rl,1701,31,0.23097912967205048,0.4968303442001343,0.921875,0.1803935319185257,0.9244791269302368,1512
A1_uv_only_rl,1701,32,0.2471698820590973,0.48597705364227295,0.890625,0.20308314263820648,0.875853419303894,1565
A1_uv_only_rl,1701,33,0.22843459248542786,0.4289249777793884,0.890625,0.19844850897789001,0.8735015392303467,1619
A1_uv_only_rl,1701,34,0.2505421042442322,0.4934847354888916,0.875,0.18502715229988098,0.8622093200683594,1674
A1_uv_only_rl,1701,35,0.23753854632377625,0.47156810760498047,0.921875,0.2062002271413803,0.8813790082931519,1727
A1_uv_only_rl,1701,36,0.23625177145004272,0.4769763946533203,0.84375,0.19308100640773773,0.8656931519508362,1778
A1_uv_only_rl,1701,37,0.2313585877418518,0.49404335021972656,0.84375,0.21077659726142883,0.8504002690315247,1831
A1_uv_only_rl,1701,38,0.247127503156662,0.49504610896110535,0.859375,0.19714483618736267,0.8473401069641113,1882
A1_uv_only_rl,1701,39,0.24501629173755646,0.4824286997318268,0.890625,0.21059221029281616,0.822173535823822,1934
A1_uv_only_rl,1701,40,0.25657787919044495,0.4609302580356598,0.953125,0.20096439123153687,0.8201465606689453,1993
A1_uv_only_rl,1701,41,0.2565731704235077,0.48657235503196716,0.96875,0.2100430727005005,0.8314046859741211,2051
A1_uv_only_rl,1701,42,0.27428755164146423,0.4754642844200134,0.890625,0.18905596435070038,0.8397314548492432,2108
A1_uv_only_rl,1701,43,0.2673063576221466,0.4826717972755432,0.90625,0.1955079585313797,0.8407122492790222,2163
A1_uv_only_rl,1701,44,0.2603394389152527,0.4687420129776001,0.921875,0.19317881762981415,0.8483242988586426,2219
A1_uv_only_rl,1701,45,0.213140606880188,0.49926480650901794,0.78125,0.20469175279140472,0.8418399095535278,2266
A1_uv_only_rl,1701,46,0.2216583788394928,0.48813942074775696,0.75,0.19844001531600952,0.8351914286613464,2308
A1_uv_only_rl,1701,47,0.29082468152046204,0.4796447455883026,0.953125,0.21007859706878662,0.8475638031959534,2364
A1_uv_only_rl,1701,48,0.2494519054889679,0.5017009377479553,0.859375,0.2102300226688385,0.8536810874938965,2416
A1_uv_only_rl,1701,49,0.26235339045524597,0.4888649880886078,0.84375,0.2058674693107605,0.8392869234085083,2468
A1_uv_only_rl,1701,50,0.28274664282798767,0.49505117535591125,0.96875,0.21026331186294556,0.8177172541618347,2524
A1_uv_only_rl,1701,51,0.275139182806015,0.5027446746826172,0.921875,0.20394577085971832,0.8465453386306763,2581
A1_uv_only_rl,1701,52,0.2793489992618561,0.4876146912574768,0.953125,0.20046548545360565,0.8616578578948975,2638
A1_uv_only_rl,1701,53,0.2512480616569519,0.48704707622528076,0.890625,0.1933356672525406,0.8462455868721008,2690
A1_uv_only_rl,1701,54,0.2896585166454315,0.5056430697441101,0.921875,0.1986493021249771,0.8197330832481384,2746
A1_uv_only_rl,1701,55,0.2851634621620178,0.5004538893699646,0.90625,0.19119782745838165,0.8315578699111938,2802
A1_uv_only_rl,1701,56,0.26169127225875854,0.4974137842655182,0.90625,0.1994413584470749,0.8213970065116882,2855
A1_uv_only_rl,1701,57,0.2813437283039093,0.4900202453136444,0.96875,0.18979081511497498,0.8192859888076782,2912
A1_uv_only_rl,1701,58,0.2773508131504059,0.4973260462284088,0.90625,0.20457637310028076,0.8264793157577515,2967
A1_uv_only_rl,1701,59,0.2890913486480713,0.4985641837120056,0.921875,0.20872314274311066,0.8257871866226196,3023
A1_uv_only_rl,1701,60,0.2882067859172821,0.4776834547519684,0.953125,0.21493946015834808,0.8375846743583679,3081
M1_joint_rl,1702,1,0.07400267571210861,0.22032299637794495,0.53125,0.0,1.1689478158950806,34
M1_joint_rl,1702,2,0.06201205030083656,0.23251184821128845,0.46875,0.0016369892982766032,1.1204100847244263,64
M1_joint_rl,1702,3,0.0842875987291336,0.28438499569892883,0.59375,0.00521794194355607,1.1227140426635742,102
M1_joint_rl,1702,4,0.0970788523554802,0.27083316445350647,0.640625,0.011824509128928185,1.1235508918762207,143
M1_joint_rl,1702,5,0.096897192299366,0.2765209376811981,0.640625,0.023697111755609512,1.117132306098938,184
M1_joint_rl,1702,6,0.11057344824075699,0.2890993654727936,0.6875,0.04080412909388542,1.1420319080352783,228
M1_joint_rl,1702,7,0.11702235788106918,0.2674313485622406,0.703125,0.0625949501991272,1.1559433937072754,272
M1_joint_rl,1702,8,0.12288826704025269,0.2880488336086273,0.703125,0.07111960649490356,1.088546872138977,317
M1_joint_rl,1702,9,0.11447717994451523,0.268155574798584,0.671875,0.08154811710119247,1.1092326641082764,360
M1_joint_rl,1702,10,0.12497224658727646,0.28024059534072876,0.671875,0.08938376605510712,1.0666981935501099,402
M1_joint_rl,1702,11,0.13590559363365173,0.2746813893318176,0.765625,0.10975930839776993,1.062927007675171,451
M1_joint_rl,1702,12,0.1392688900232315,0.2940308451652527,0.75,0.11381935328245163,1.0675979852676392,499
M1_joint_rl,1702,13,0.15084676444530487,0.2926744520664215,0.828125,0.12442494928836823,1.0812746286392212,551
M1_joint_rl,1702,14,0.14593759179115295,0.27396950125694275,0.78125,0.13296236097812653,1.0418967008590698,600
M1_joint_rl,1702,15,0.14055438339710236,0.26890188455581665,0.796875,0.12266095727682114,1.0161628723144531,648
M1_joint_rl,1702,16,0.1419159173965454,0.27416786551475525,0.75,0.1154579296708107,1.0290122032165527,694
M1_joint_rl,1702,17,0.14925293624401093,0.273645281791687,0.78125,0.11527030169963837,1.0353288650512695,743
M1_joint_rl,1702,18,0.12949353456497192,0.2687051594257355,0.75,0.1156044453382492,1.0118637084960938,790
M1_joint_rl,1702,19,0.1361301690340042,0.2682867646217346,0.8125,0.10678721219301224,0.9615210294723511,840
M1_joint_rl,1702,20,0.13874945044517517,0.29343926906585693,0.828125,0.10707610845565796,0.9523609280586243,892
M1_joint_rl,1702,21,0.150103360414505,0.2920071482658386,0.859375,0.10428333282470703,0.9853639006614685,947
M1_joint_rl,1702,22,0.13492514193058014,0.269680380821228,0.84375,0.09769531339406967,0.943436324596405,999
M1_joint_rl,1702,23,0.14878849685192108,0.28310728073120117,0.859375,0.10327394306659698,0.9331476092338562,1054
M1_joint_rl,1702,24,0.1423259824514389,0.28734925389289856,0.8125,0.10890534520149231,0.9448816776275635,1105
M1_joint_rl,1702,25,0.1561669558286667,0.27932634949684143,0.859375,0.10366728901863098,0.9527930617332458,1160
M1_joint_rl,1702,26,0.15197135508060455,0.26911014318466187,0.859375,0.11768700182437897,0.9694737195968628,1214
M1_joint_rl,1702,27,0.14799261093139648,0.25765055418014526,0.90625,0.120144784450531,0.9788902997970581,1271
M1_joint_rl,1702,28,0.15664519369602203,0.2902270555496216,0.890625,0.12896400690078735,0.9681895971298218,1328
M1_joint_rl,1702,29,0.15040290355682373,0.26849743723869324,0.859375,0.13443820178508759,0.9653377532958984,1383
M1_joint_rl,1702,30,0.17739444971084595,0.27939581871032715,0.921875,0.15316936373710632,0.9462279081344604,1441
M1_joint_rl,1702,31,0.16135960817337036,0.2938925623893738,0.921875,0.16285964846611023,0.9322617053985596,1495
M1_joint_rl,1702,32,0.1654202789068222,0.29444530606269836,0.875,0.17530196905136108,0.9345361590385437,1546
M1_joint_rl,1702,33,0.16346506774425507,0.26649796962738037,0.921875,0.1760162115097046,0.9421603083610535,1602
M1_joint_rl,1702,34,0.15893244743347168,0.2741187512874603,0.84375,0.19761082530021667,0.9422826170921326,1654
M1_joint_rl,1702,35,0.16195286810398102,0.2801647186279297,0.9375,0.1956806480884552,0.9525039196014404,1710
M1_joint_rl,1702,36,0.1626802384853363,0.27302685379981995,0.875,0.19197389483451843,0.9677526950836182,1762
M1_joint_rl,1702,37,0.15991859138011932,0.2798987329006195,0.84375,0.20212368667125702,0.9486182928085327,1814
M1_joint_rl,1702,38,0.1505311131477356,0.2758757472038269,0.84375,0.1925669014453888,0.9556195735931396,1865
M1_joint_rl,1702,39,0.15998004376888275,0.28728604316711426,0.890625,0.19171781837940216,0.9349960088729858,1916
M1_joint_rl,1702,40,0.15180183947086334,0.2919307053089142,0.84375,0.19774730503559113,0.9554139375686646,1969
M1_joint_rl,1702,41,0.14569273591041565,0.25907236337661743,0.875,0.20172351598739624,0.9496529698371887,2017
M1_joint_rl,1702,42,0.16319751739501953,0.2880491018295288,0.875,0.19612540304660797,0.902204155921936,2070
M1_joint_rl,1702,43,0.17024046182632446,0.2843560576438904,0.90625,0.19127167761325836,0.9568502902984619,2125
M1_joint_rl,1702,44,0.17326995730400085,0.2777214050292969,0.953125,0.18911470472812653,0.923914909362793,2179
M1_joint_rl,1702,45,0.17574752867221832,0.26950550079345703,0.984375,0.19866618514060974,0.9115655422210693,2237
M1_joint_rl,1702,46,0.15842221677303314,0.2789531350135803,0.890625,0.19059912860393524,0.9276096820831299,2291
M1_joint_rl,1702,47,0.16305644810199738,0.26850226521492004,0.90625,0.18726234138011932,0.8767909407615662,2346
M1_joint_rl,1702,48,0.15578103065490723,0.2654725909233093,0.90625,0.1836245208978653,0.9172126054763794,2399
M1_joint_rl,1702,49,0.1808442324399948,0.29072538018226624,0.984375,0.1861869841814041,0.8835814595222473,2455
M1_joint_rl,1702,50,0.15474700927734375,0.2722092270851135,0.890625,0.17712396383285522,0.9071191549301147,2508
M1_joint_rl,1702,51,0.1489904373884201,0.26917433738708496,0.859375,0.1797139048576355,0.8862553238868713,2557
M1_joint_rl,1702,52,0.17261375486850739,0.2877884805202484,0.90625,0.18738405406475067,0.8881146907806396,2612
M1_joint_rl,1702,53,0.1672361195087433,0.28806546330451965,0.921875,0.18319347500801086,0.8924797773361206,2665
M1_joint_rl,1702,54,0.16952359676361084,0.28776901960372925,0.90625,0.19862183928489685,0.8929460644721985,2720
M1_joint_rl,1702,55,0.16490209102630615,0.28470808267593384,0.90625,0.19170795381069183,0.8780917525291443,2775
M1_joint_rl,1702,56,0.18083837628364563,0.27191999554634094,0.9375,0.19648578763008118,0.8854559659957886,2833
M1_joint_rl,1702,57,0.18128788471221924,0.28239625692367554,0.953125,0.21154095232486725,0.8435467481613159,2887
M1_joint_rl,1702,58,0.17607572674751282,0.28569504618644714,0.921875,0.19516441226005554,0.8673003315925598,2941
M1_joint_rl,1702,59,0.1852758228778839,0.2844880521297455,0.953125,0.18981343507766724,0.8681226372718811,2999
M1_joint_rl,1702,60,0.1668848693370819,0.2688679099082947,0.84375,0.19815561175346375,0.8426520824432373,3050
A1_uv_only_rl,1702,1,0.09541432559490204,0.3334662616252899,0.53125,0.0,1.1689478158950806,34
A1_uv_only_rl,1702,2,0.07009619474411011,0.3803912103176117,0.421875,0.0017604933818802238,1.128161072731018,61
A1_uv_only_rl,1702,3,0.10731502622365952,0.4076852798461914,0.59375,0.004930143244564533,1.1235038042068481,99
A1_uv_only_rl,1702,4,0.1289863884449005,0.4645310640335083,0.625,0.0101490318775177,1.1162902116775513,139
A1_uv_only_rl,1702,5,0.15348316729068756,0.47960782051086426,0.703125,0.022866085171699524,1.126646876335144,184
A1_uv_only_rl,1702,6,0.16621826589107513,0.47969210147857666,0.734375,0.0330515131354332,1.0888216495513916,231
A1_uv_only_rl,1702,7,0.156711146235466,0.4678783118724823,0.71875,0.04649956151843071,1.1351737976074219,277
A1_uv_only_rl,1702,8,0.15793868899345398,0.41451603174209595,0.65625,0.06435898691415787,1.1009644269943237,319
A1_uv_only_rl,1702,9,0.22807252407073975,0.49764856696128845,0.796875,0.08555924147367477,1.0858591794967651,370
A1_uv_only_rl,1702,10,0.1910141408443451,0.48043373227119446,0.734375,0.1043504923582077,1.0703036785125732,416
A1_uv_only_rl,1702,11,0.1991318166255951,0.4898195266723633,0.6875,0.12060879170894623,1.073241949081421,459
A1_uv_only_rl,1702,12,0.20568956434726715,0.48822006583213806,0.75,0.129898339509964,1.046928882598877,507
A1_uv_only_rl,1702,13,0.203135684132576,0.4787251055240631,0.796875,0.13731318712234497,1.0374226570129395,556
A1_uv_only_rl,1702,14,0.18469414114952087,0.48507872223854065,0.671875,0.1478821337223053,1.0281260013580322,596
A1_uv_only_rl,1702,15,0.2053648829460144,0.4807678759098053,0.78125,0.1319035142660141,1.0158823728561401,645
A1_uv_only_rl,1702,16,0.23085904121398926,0.4900718331336975,0.859375,0.12756024301052094,0.9933632612228394,699
A1_uv_only_rl,1702,17,0.1899353265762329,0.4891596734523773,0.78125,0.12540510296821594,0.9883636236190796,746
A1_uv_only_rl,1702,18,0.2120371311903,0.49503234028816223,0.796875,0.11787737905979156,0.9834545254707336,794
A1_uv_only_rl,1702,19,0.21377365291118622,0.49650371074676514,0.828125,0.11593613028526306,0.9870914220809937,845
A1_uv_only_rl,1702,20,0.23017030954360962,0.4694502353668213,0.90625,0.11302836239337921,0.9643200635910034,903
A1_uv_only_rl,1702,21,0.2077987939119339,0.4715215563774109,0.90625,0.11541329324245453,0.9491572976112366,957
A1_uv_only_rl,1702,22,0.23450900614261627,0.4905579388141632,0.90625,0.11756891012191772,0.9350905418395996,1011
A1_uv_only_rl,1702,23,0.23755809664726257,0.46855372190475464,0.890625,0.12334953248500824,0.9297768473625183,1064
A1_uv_only_rl,1702,24,0.20030570030212402,0.5024802684783936,0.84375,0.12239338457584381,0.9374329447746277,1117
A1_uv_only_rl,1702,25,0.2553587555885315,0.4934847354888916,0.859375,0.12781870365142822,0.9122312068939209,1171
A1_uv_only_rl,1702,26,0.24397718906402588,0.49505117535591125,0.9375,0.1398678570985794,0.9242607951164246,1223
A1_uv_only_rl,1702,27,0.25439971685409546,0.46319347620010376,0.90625,0.13541872799396515,0.9239716529846191,1280
A1_uv_only_rl,1702,28,0.23974841833114624,0.4878888726234436,0.875,0.14915305376052856,0.9221779108047485,1330
A1_uv_only_rl,1702,29,0.24337390065193176,0.4875754714012146,0.859375,0.15580593049526215,0.9185981750488281,1383
A1_uv_only_rl,1702,30,0.23450228571891785,0.5009545087814331,0.84375,0.1600950062274933,0.9211727976799011,1430
A1_uv_only_rl,1702,31,0.24647197127342224,0.4935113191604614,0.890625,0.15733802318572998,0.925664484500885,1485
A1_uv_only_rl,1702,32,0.21323511004447937,0.48072606325149536,0.78125,0.16618812084197998,0.8782767057418823,1532
A1_uv_only_rl,1702,33,0.25113385915756226,0.46166592836380005,0.90625,0.1555204689502716,0.8797020316123962,1585
A1_uv_only_rl,1702,34,0.26027724146842957,0.48907479643821716,0.890625,0.16118961572647095,0.8810694813728333,1637
A1_uv_only_rl,1702,35,0.23295743763446808,0.4895831346511841,0.859375,0.1638163924217224,0.8837556838989258,1687
A1_uv_only_rl,1702,36,0.24255818128585815,0.496412992477417,0.921875,0.1757892668247223,0.8686125874519348,1739
A1_uv_only_rl,1702,37,0.22343280911445618,0.4939677119255066,0.875,0.17168794572353363,0.8695127367973328,1791
A1_uv_only_rl,1702,38,0.25323110818862915,0.48092103004455566,0.890625,0.18566882610321045,0.8460051417350769,1842
A1_uv_only_rl,1702,39,0.2757580578327179,0.4973260462284088,0.90625,0.17681637406349182,0.8619957566261292,1900
A1_uv_only_rl,1702,40,0.2244645357131958,0.47592893242836,0.796875,0.1756584793329239,0.8803392648696899,1948
A1_uv_only_rl,1702,41,0.22283396124839783,0.5017673969268799,0.78125,0.19583283364772797,0.8600547909736633,1995
A1_uv_only_rl,1702,42,0.24626770615577698,0.4898912012577057,0.90625,0.20872998237609863,0.8699878454208374,2044
A1_uv_only_rl,1702,43,0.2610934376716614,0.46319395303726196,0.90625,0.19939741492271423,0.8209220767021179,2097
A1_uv_only_rl,1702,44,0.27805858850479126,0.49302566051483154,0.921875,0.2087819129228592,0.8219296336174011,2154
A1_uv_only_rl,1702,45,0.24493545293807983,0.49277520179748535,0.90625,0.21164730191230774,0.8080600500106812,2206
A1_uv_only_rl,1702,46,0.2845819890499115,0.49387428164482117,0.96875,0.20668934285640717,0.8065373301506042,2266
A1_uv_only_rl,1702,47,0.2490784376859665,0.46894264221191406,0.90625,0.21439482271671295,0.793256938457489,2318
A1_uv_only_rl,1702,48,0.24261796474456787,0.49020060896873474,0.875,0.21067000925540924,0.7792466878890991,2367
A1_uv_only_rl,1702,49,0.24148079752922058,0.49237844347953796,0.875,0.22473929822444916,0.7791908979415894,2415
A1_uv_only_rl,1702,50,0.2638346254825592,0.4607107937335968,0.90625,0.23378093540668488,0.7903473377227783,2468
A1_uv_only_rl,1702,51,0.27679455280303955,0.49758031964302063,0.875,0.23105397820472717,0.7448052763938904,2520
A1_uv_only_rl,1702,52,0.2653075158596039,0.5061627626419067,0.921875,0.24134883284568787,0.7483068108558655,2576
A1_uv_only_rl,1702,53,0.25877752900123596,0.495719850063324,0.9375,0.24737507104873657,0.7477598190307617,2631
A1_uv_only_rl,1702,54,0.2853555679321289,0.4821057617664337,0.921875,0.2554691433906555,0.718804121017456,2685
A1_uv_only_rl,1702,55,0.2776721119880676,0.4940272867679596,0.953125,0.2557452619075775,0.7388606071472168,2740
A1_uv_only_rl,1702,56,0.2546062171459198,0.4977663457393646,0.890625,0.25910770893096924,0.7697990536689758,2792
A1_uv_only_rl,1702,57,0.2972460687160492,0.5057114958763123,0.96875,0.25656837224960327,0.7427794933319092,2851
A1_uv_only_rl,1702,58,0.26010724902153015,0.4843980073928833,0.90625,0.24836808443069458,0.7704209685325623,2906
A1_uv_only_rl,1702,59,0.29048651456832886,0.4919419586658478,0.9375,0.2579037547111511,0.7403594255447388,2962
A1_uv_only_rl,1702,60,0.2651323676109314,0.48627179861068726,0.9375,0.2617841064929962,0.7583762407302856,3017
M1_joint_rl,1703,1,0.05210787057876587,0.2636226713657379,0.375,0.0,1.1404865980148315,24
M1_joint_rl,1703,2,0.07602901756763458,0.25414028763771057,0.515625,0.0031955151353031397,1.1425833702087402,57
M1_joint_rl,1703,3,0.08536504954099655,0.2699834108352661,0.625,0.009927287697792053,1.1819325685501099,97
M1_joint_rl,1703,4,0.081723652780056,0.23586878180503845,0.53125,0.022657666355371475,1.1512539386749268,131
M1_joint_rl,1703,5,0.10794751346111298,0.2691023349761963,0.703125,0.03670082241296768,1.1828616857528687,176
M1_joint_rl,1703,6,0.10006912797689438,0.284841388463974,0.625,0.04822470247745514,1.1639509201049805,216
M1_joint_rl,1703,7,0.09462524950504303,0.26754528284072876,0.59375,0.07906285673379898,1.1892417669296265,254
M1_joint_rl,1703,8,0.12398679554462433,0.28464052081108093,0.796875,0.08374474942684174,1.2053771018981934,304
M1_joint_rl,1703,9,0.11653211712837219,0.28310728073120117,0.6875,0.08546632528305054,1.164114236831665,347
M1_joint_rl,1703,10,0.1274532675743103,0.2974662780761719,0.65625,0.0998082086443901,1.1144139766693115,389
M1_joint_rl,1703,11,0.12217850983142853,0.27019548416137695,0.703125,0.10019013285636902,1.1325137615203857,433
M1_joint_rl,1703,12,0.133073627948761,0.2885230779647827,0.78125,0.09657259285449982,1.1503993272781372,483
M1_joint_rl,1703,13,0.14450225234031677,0.2838553786277771,0.765625,0.09318903088569641,1.0678375959396362,531
M1_joint_rl,1703,14,0.1368342638015747,0.2731351852416992,0.78125,0.1083439514040947,1.112554907798767,579
M1_joint_rl,1703,15,0.15136100351810455,0.27766233682632446,0.84375,0.09596303105354309,1.0586680173873901,632
M1_joint_rl,1703,16,0.12743942439556122,0.27778756618499756,0.734375,0.09928751736879349,1.0442328453063965,676
M1_joint_rl,1703,17,0.1544315665960312,0.2673521637916565,0.859375,0.09818827360868454,1.065239667892456,730
M1_joint_rl,1703,18,0.15900568664073944,0.2775845527648926,0.921875,0.10856680572032928,1.0001113414764404,785
M1_joint_rl,1703,19,0.16398033499717712,0.27600595355033875,0.890625,0.10912694036960602,0.9867554306983948,839
M1_joint_rl,1703,20,0.15262220799922943,0.28512051701545715,0.859375,0.1125536859035492,0.9693703651428223,892
M1_joint_rl,1703,21,0.15343177318572998,0.277849018573761,0.875,0.1110505685210228,0.9774096608161926,946
M1_joint_rl,1703,22,0.1423346996307373,0.2719356417655945,0.828125,0.10239459574222565,0.9606046080589294,999
M1_joint_rl,1703,23,0.15929023921489716,0.2706104815006256,0.90625,0.10723602026700974,0.949672281742096,1056
M1_joint_rl,1703,24,0.14784666895866394,0.2731163501739502,0.859375,0.1098226010799408,0.9467803239822388,1110
M1_joint_rl,1703,25,0.1599402278661728,0.25867533683776855,0.90625,0.11363984644412994,0.9212784767150879,1168
M1_joint_rl,1703,26,0.1575395166873932,0.28569504618644714,0.90625,0.1191449835896492,0.9300405979156494,1225
M1_joint_rl,1703,27,0.1608811616897583,0.2940308451652527,0.9375,0.12582555413246155,0.9256999492645264,1280
M1_joint_rl,1703,28,0.15092763304710388,0.28776901960372925,0.875,0.1360696703195572,0.911918044090271,1334
M1_joint_rl,1703,29,0.18353800475597382,0.29538360238075256,0.9375,0.14658761024475098,0.8706373572349548,1392
M1_joint_rl,1703,30,0.15427756309509277,0.2801412343978882,0.84375,0.1518358737230301,0.8731045722961426,1444
M1_joint_rl,1703,31,0.1572146862745285,0.29316607117652893,0.8125,0.15273544192314148,0.8766626119613647,1495
M1_joint_rl,1703,32,0.16497182846069336,0.29067263007164,0.890625,0.15352332592010498,0.8547603487968445,1551
M1_joint_rl,1703,33,0.165632426738739,0.2837781310081482,0.90625,0.16167916357517242,0.8329822421073914,1607
M1_joint_rl,1703,34,0.16678541898727417,0.27293890714645386,0.921875,0.17092089354991913,0.8280243277549744,1662
M1_joint_rl,1703,35,0.16738131642341614,0.28241342306137085,0.921875,0.18082590401172638,0.8144906163215637,1720
M1_joint_rl,1703,36,0.16849388182163239,0.2773336172103882,0.875,0.18827974796295166,0.8190262317657471,1773
M1_joint_rl,1703,37,0.17444612085819244,0.2845798432826996,0.9375,0.1867523044347763,0.7943190932273865,1830
M1_joint_rl,1703,38,0.16404753923416138,0.29445815086364746,0.875,0.1936413049697876,0.7937243580818176,1886
M1_joint_rl,1703,39,0.15856009721755981,0.27354758977890015,0.875,0.1911834478378296,0.7807056903839111,1939
M1_joint_rl,1703,40,0.15460440516471863,0.26734206080436707,0.890625,0.20571643114089966,0.7579132914543152,1991
M1_joint_rl,1703,41,0.17543265223503113,0.27045586705207825,0.921875,0.21191884577274323,0.7688487768173218,2047
M1_joint_rl,1703,42,0.17109830677509308,0.2737155854701996,0.953125,0.2264108955860138,0.7614922523498535,2102
M1_joint_rl,1703,43,0.1657039076089859,0.2794010639190674,0.953125,0.23150530457496643,0.7680519819259644,2155
M1_joint_rl,1703,44,0.1665254682302475,0.2819305658340454,0.921875,0.21031247079372406,0.804529070854187,2208
M1_joint_rl,1703,45,0.184594064950943,0.27920013666152954,0.953125,0.22403556108474731,0.7752832174301147,2264
M1_joint_rl,1703,46,0.18508443236351013,0.28251099586486816,0.9375,0.2288593202829361,0.7595908641815186,2320
M1_joint_rl,1703,47,0.16398073732852936,0.28982624411582947,0.90625,0.22646990418434143,0.7949199676513672,2372
M1_joint_rl,1703,48,0.16144809126853943,0.28991010785102844,0.875,0.23087376356124878,0.8230622410774231,2422
M1_joint_rl,1703,49,0.17797130346298218,0.2762373983860016,0.9375,0.23927736282348633,0.7889697551727295,2475
M1_joint_rl,1703,50,0.16875825822353363,0.27339863777160645,0.90625,0.23037028312683105,0.7932887077331543,2527
M1_joint_rl,1703,51,0.18016895651817322,0.2951914668083191,0.96875,0.22178876399993896,0.8203853964805603,2580
M1_joint_rl,1703,52,0.17410916090011597,0.28427329659461975,0.875,0.2144879400730133,0.8190237283706665,2631
M1_joint_rl,1703,53,0.18608425557613373,0.2871370017528534,0.9375,0.20844721794128418,0.8266758322715759,2685
M1_joint_rl,1703,54,0.1813478022813797,0.2756142020225525,0.921875,0.208515927195549,0.7881976366043091,2743
M1_joint_rl,1703,55,0.1806774139404297,0.27690649032592773,0.9375,0.19715838134288788,0.8070664405822754,2801
M1_joint_rl,1703,56,0.16665023565292358,0.27153775095939636,0.90625,0.20181408524513245,0.8020560145378113,2855
M1_joint_rl,1703,57,0.1918543130159378,0.2861863672733307,0.96875,0.19919255375862122,0.8032146692276001,2916
M1_joint_rl,1703,58,0.17062634229660034,0.28876927495002747,0.90625,0.20207048952579498,0.797278881072998,2971
M1_joint_rl,1703,59,0.1725226491689682,0.2620273530483246,0.921875,0.20333369076251984,0.7843701243400574,3026
M1_joint_rl,1703,60,0.18737751245498657,0.2978011667728424,0.9375,0.19638392329216003,0.8050134778022766,3086
A1_uv_only_rl,1703,1,0.06757469475269318,0.4397751986980438,0.375,0.0,1.1404865980148315,24
A1_uv_only_rl,1703,2,0.09883709251880646,0.41906729340553284,0.5,0.003366950200870633,1.140502691268921,56
A1_uv_only_rl,1703,3,0.09860606491565704,0.44730597734451294,0.578125,0.010866432450711727,1.181576132774353,93
A1_uv_only_rl,1703,4,0.09812071174383163,0.4768866002559662,0.484375,0.024139057844877243,1.1429089307785034,124
A1_uv_only_rl,1703,5,0.1411716490983963,0.45979881286621094,0.6875,0.04108184576034546,1.1733397245407104,168
A1_uv_only_rl,1703,6,0.15052835643291473,0.48507872223854065,0.71875,0.060333143919706345,1.1736321449279785,213
A1_uv_only_rl,1703,7,0.16048139333724976,0.4753642976284027,0.6875,0.07972001284360886,1.17774498462677,257
A1_uv_only_rl,1703,8,0.12467578053474426,0.46986591815948486,0.5625,0.10817641764879227,1.211415410041809,293
A1_uv_only_rl,1703,9,0.15280891954898834,0.4509128928184509,0.640625,0.11924204230308533,1.1521390676498413,333
A1_uv_only_rl,1703,10,0.182738795876503,0.48033788800239563,0.71875,0.12209157645702362,1.1473277807235718,379
A1_uv_only_rl,1703,11,0.16027535498142242,0.47796085476875305,0.671875,0.12604056298732758,1.1650216579437256,422
A1_uv_only_rl,1703,12,0.18001507222652435,0.4987655282020569,0.734375,0.13680383563041687,1.1183664798736572,468
A1_uv_only_rl,1703,13,0.1629290133714676,0.47307732701301575,0.6875,0.1377769261598587,1.1484662294387817,512
A1_uv_only_rl,1703,14,0.18301986157894135,0.4707884192466736,0.71875,0.13727492094039917,1.088066577911377,556
A1_uv_only_rl,1703,15,0.21266958117485046,0.49404335021972656,0.765625,0.1311829835176468,1.0828235149383545,605
A1_uv_only_rl,1703,16,0.20159804821014404,0.47554850578308105,0.75,0.11993961781263351,1.0795469284057617,653
A1_uv_only_rl,1703,17,0.20913435518741608,0.46995991468429565,0.8125,0.10933460295200348,1.0428012609481812,703
A1_uv_only_rl,1703,18,0.24035786092281342,0.4883285164833069,0.859375,0.10930599272251129,1.0553202629089355,756
A1_uv_only_rl,1703,19,0.2304181158542633,0.4875188171863556,0.828125,0.09130235016345978,1.0220328569412231,809
A1_uv_only_rl,1703,20,0.2027185559272766,0.47575026750564575,0.75,0.09450660645961761,1.050236701965332,857
A1_uv_only_rl,1703,21,0.1978422999382019,0.4943845272064209,0.8125,0.08845479786396027,1.0140856504440308,907
A1_uv_only_rl,1703,22,0.20937056839466095,0.47343021631240845,0.859375,0.09224885702133179,1.0167165994644165,961
A1_uv_only_rl,1703,23,0.2291550189256668,0.4839271605014801,0.859375,0.08915772289037704,0.993597686290741,1016
A1_uv_only_rl,1703,24,0.194463312625885,0.49409279227256775,0.78125,0.09850288927555084,0.9991083741188049,1066
A1_uv_only_rl,1703,25,0.22779597342014313,0.49503234028816223,0.875,0.09776250272989273,0.990604817867279,1121
A1_uv_only_rl,1703,26,0.2328319102525711,0.4975106120109558,0.859375,0.10932749509811401,1.004394292831421,1174
A1_uv_only_rl,1703,27,0.2546291649341583,0.500464141368866,0.875,0.12155501544475555,0.986243486404419,1230
A1_uv_only_rl,1703,28,0.2249188870191574,0.48927661776542664,0.84375,0.13036201894283295,0.9751874208450317,1281
A1_uv_only_rl,1703,29,0.23721009492874146,0.4919240176677704,0.828125,0.13353390991687775,0.9809287786483765,1333
A1_uv_only_rl,1703,30,0.23578910529613495,0.5024802684783936,0.828125,0.14817780256271362,0.9687100648880005,1383
A1_uv_only_rl,1703,31,0.25916972756385803,0.49888795614242554,0.921875,0.16080909967422485,0.9809721112251282,1435
A1_uv_only_rl,1703,32,0.24320638179779053,0.4891596734523773,0.8125,0.1670732945203781,0.9292450547218323,1484
A1_uv_only_rl,1703,33,0.2613416016101837,0.4696391224861145,0.859375,0.17038053274154663,0.9526119828224182,1534
A1_uv_only_rl,1703,34,0.2655463218688965,0.496412992477417,0.84375,0.17256002128124237,0.9304275512695312,1582
A1_uv_only_rl,1703,35,0.2626403868198395,0.4935859441757202,0.859375,0.18009334802627563,0.9228748679161072,1632
A1_uv_only_rl,1703,36,0.2601274251937866,0.49412161111831665,0.890625,0.18129032850265503,0.8940395712852478,1682
A1_uv_only_rl,1703,37,0.26823118329048157,0.4897110164165497,0.859375,0.17411410808563232,0.8981621265411377,1732
A1_uv_only_rl,1703,38,0.2667025327682495,0.5006850957870483,0.921875,0.17846673727035522,0.8708810806274414,1785
A1_uv_only_rl,1703,39,0.24810972809791565,0.48528942465782166,0.90625,0.17835572361946106,0.8632040023803711,1839
A1_uv_only_rl,1703,40,0.2293187379837036,0.4665386378765106,0.890625,0.17257651686668396,0.852088212966919,1890
A1_uv_only_rl,1703,41,0.25019267201423645,0.49572044610977173,0.9375,0.1755581498146057,0.8491701483726501,1940
A1_uv_only_rl,1703,42,0.245208278298378,0.4934847354888916,0.859375,0.18360687792301178,0.8342289328575134,1991
A1_uv_only_rl,1703,43,0.2764091491699219,0.48876044154167175,0.921875,0.1831105500459671,0.8395717144012451,2047
A1_uv_only_rl,1703,44,0.24241873621940613,0.5037102103233337,0.921875,0.18475128710269928,0.8204196095466614,2101
A1_uv_only_rl,1703,45,0.2414085865020752,0.48304763436317444,0.859375,0.1787848174571991,0.8643110394477844,2152
A1_uv_only_rl,1703,46,0.25830408930778503,0.47769710421562195,0.890625,0.17189444601535797,0.8434613347053528,2208
A1_uv_only_rl,1703,47,0.2741856575012207,0.47246143221855164,0.953125,0.1909525990486145,0.8147273659706116,2263
A1_uv_only_rl,1703,48,0.2450273633003235,0.46946480870246887,0.9375,0.20016030967235565,0.8435059189796448,2313
A1_uv_only_rl,1703,49,0.24864760041236877,0.4909713566303253,0.890625,0.20895417034626007,0.8070626258850098,2363
A1_uv_only_rl,1703,50,0.2718896269798279,0.4949379563331604,0.921875,0.18913517892360687,0.8218176960945129,2417
A1_uv_only_rl,1703,51,0.23581567406654358,0.4681428372859955,0.875,0.18532775342464447,0.8542511463165283,2469
A1_uv_only_rl,1703,52,0.270747572183609,0.4661218523979187,0.953125,0.1969652771949768,0.8189268112182617,2526
A1_uv_only_rl,1703,53,0.2514477074146271,0.4945421516895294,0.90625,0.19651716947555542,0.8015608787536621,2577
A1_uv_only_rl,1703,54,0.26056036353111267,0.4717339873313904,0.890625,0.1883801817893982,0.8307498097419739,2629
A1_uv_only_rl,1703,55,0.2760607898235321,0.5002321600914001,0.953125,0.19329190254211426,0.823764443397522,2686
A1_uv_only_rl,1703,56,0.28244873881340027,0.5030055046081543,0.921875,0.1914513111114502,0.8322513699531555,2743
A1_uv_only_rl,1703,57,0.2554144263267517,0.4929037094116211,0.875,0.19336239993572235,0.8200678825378418,2798
A1_uv_only_rl,1703,58,0.2802344262599945,0.49654048681259155,0.921875,0.19532716274261475,0.8103042840957642,2853
A1_uv_only_rl,1703,59,0.2665693163871765,0.5000963807106018,0.875,0.2018933892250061,0.8327422738075256,2905
A1_uv_only_rl,1703,60,0.2833675444126129,0.4814089238643646,0.921875,0.20285916328430176,0.831701934337616,2962
